"DESCRIPTION","DURATION IN MS","NAME","PARENT SUITE","START TIME","STATUS","STOP TIME","SUB SUITE","SUITE","TEST CLASS","TEST METHOD"
"Login Merchant dengan Username Kosong","2885","testLoginEmptyUsername","Surefire suite","Mon Aug 24 08:03:44 UTC 2026","passed","Mon Aug 24 08:03:47 UTC 2026","testcases.auth.LoginTest","Surefire test","testcases.auth.LoginTest","testLoginEmptyUsername"
"Transfer Different Parner Reference Supervisor, USDT Transfer to Transfer","20397","trfPartnerRefUSDTSpvFailed","Surefire suite","Mon Aug 24 08:23:51 UTC 2026","passed","Mon Aug 24 08:24:12 UTC 2026","testcases.transfer.TransferTest","Surefire test","testcases.transfer.TransferTest","trfPartnerRefUSDTSpvFailed"
"Mutasi Transfer","8487","mutasiTransfer","Surefire suite","Mon Aug 24 09:10:17 UTC 2026","passed","Mon Aug 24 09:10:26 UTC 2026","testcases.mutasi.MutasiTransferTest","Surefire test","testcases.mutasi.MutasiTransferTest","mutasiTransfer"
"Normal Transfer Success","10930","transfer","Surefire suite","Mon Aug 24 08:20:28 UTC 2026","passed","Mon Aug 24 08:20:39 UTC 2026","testcases.transfer.TransferTest","Surefire test","testcases.transfer.TransferTest","transfer"
"Test Get Report Transfer Merchant","5315","getReportMutationAdmin","Surefire suite","Mon Aug 24 09:16:49 UTC 2026","passed","Mon Aug 24 09:16:54 UTC 2026","testcases.report.ReportTransactionTest","Surefire test","testcases.report.ReportTransactionTest","getReportMutationAdmin"
"Get History QR Success Paid","7927","historyQRTestPaid","Surefire suite","Mon Aug 24 08:06:54 UTC 2026","passed","Mon Aug 24 08:07:02 UTC 2026","testcases.history.HistoryQRTest","Surefire test","testcases.history.HistoryQRTest","historyQRTestPaid"
"Login Backoffice dengan Username Tidak Terdaftar","3191","testLoginBackofficeNonExistentUsername","Surefire suite","Mon Aug 24 08:03:04 UTC 2026","passed","Mon Aug 24 08:03:07 UTC 2026","testcases.auth.LoginTest","Surefire test","testcases.auth.LoginTest","testLoginBackofficeNonExistentUsername"
"Transfer Different Partner Reference, Transfer to Special Transfer","20827","trfPartnerRefTransferFailed","Surefire suite","Mon Aug 24 08:27:58 UTC 2026","passed","Mon Aug 24 08:28:19 UTC 2026","testcases.transfer.SpecialTransferTest","Surefire test","testcases.transfer.SpecialTransferTest","trfPartnerRefTransferFailed"
"Reset Password Customer Service","4854","resetPasswordCS","Surefire suite","Mon Aug 24 09:31:45 UTC 2026","passed","Mon Aug 24 09:31:49 UTC 2026","testcases.settings.ResetPasswordTest","Surefire test","testcases.settings.ResetPasswordTest","resetPasswordCS"
"Login Merchant dengan Username Tidak Terdaftar","2862","testLoginNonExistentUsername","Surefire suite","Mon Aug 24 08:04:20 UTC 2026","passed","Mon Aug 24 08:04:23 UTC 2026","testcases.auth.LoginTest","Surefire test","testcases.auth.LoginTest","testLoginNonExistentUsername"
"Wrong Password Login Merchant","3141","testLoginWrongPassword","Surefire suite","Mon Aug 24 08:05:03 UTC 2026","passed","Mon Aug 24 08:05:06 UTC 2026","testcases.auth.LoginTest","Surefire test","testcases.auth.LoginTest","testLoginWrongPassword"
"Login Merchant dengan Username Berisi Spasi Saja","2854","testLoginWhitespaceUsername","Surefire suite","Mon Aug 24 08:04:45 UTC 2026","passed","Mon Aug 24 08:04:48 UTC 2026","testcases.auth.LoginTest","Surefire test","testcases.auth.LoginTest","testLoginWhitespaceUsername"
"Get History USDT Transfer Test CS","11030","historyUSDTTransferTestAdmin","Surefire suite","Mon Aug 24 08:16:05 UTC 2026","passed","Mon Aug 24 08:16:16 UTC 2026","testcases.history.HistoryTransferTest","Surefire test","testcases.history.HistoryTransferTest","historyUSDTTransferTestAdmin"
"Transfer with Wrong Pin","22580","transferWrongPin","Surefire suite","Mon Aug 24 08:21:28 UTC 2026","passed","Mon Aug 24 08:21:51 UTC 2026","testcases.transfer.TransferTest","Surefire test","testcases.transfer.TransferTest","transferWrongPin"
"Mutasi Transfer Balance CS","13055","mutasiTransferBalanceCS","Surefire suite","Mon Aug 24 09:10:53 UTC 2026","passed","Mon Aug 24 09:11:06 UTC 2026","testcases.mutasi.MutasiTransferTest","Surefire test","testcases.mutasi.MutasiTransferTest","mutasiTransferBalanceCS"
"Inquiry Test Flop Transfer Merchant","5303","inquiryTransfer","Surefire suite","Mon Aug 24 08:39:04 UTC 2026","passed","Mon Aug 24 08:39:09 UTC 2026","testcases.transfer.InquiryFlopTransferTest","Surefire test","testcases.transfer.InquiryFlopTransferTest","inquiryTransfer"
"Get History Special Transfer Merchant on Login CS Admin","11169","historySpecialTransferMerchantTestCSAdmin","Surefire suite","Mon Aug 24 08:12:10 UTC 2026","passed","Mon Aug 24 08:12:21 UTC 2026","testcases.history.HistoryTransferTest","Surefire test","testcases.history.HistoryTransferTest","historySpecialTransferMerchantTestCSAdmin"
"","7654","listRefundAdmin","Surefire suite","Mon Aug 24 09:29:57 UTC 2026","failed","Mon Aug 24 09:30:04 UTC 2026","testcases.backoffice.ListRefundTest","Surefire test","testcases.backoffice.ListRefundTest","listRefundAdmin"
"Edit Company Cs Admin","4729","editCompanyCsAdmin","Surefire suite","Mon Aug 24 09:21:45 UTC 2026","passed","Mon Aug 24 09:21:50 UTC 2026","testcases.backoffice.EditUserTest","Surefire test","testcases.backoffice.EditUserTest","editCompanyCsAdmin"
"Mutasi USDT Transfer Balance CS","31151","mutasiUSDTTransferBalanceCS","Surefire suite","Mon Aug 24 09:13:21 UTC 2026","passed","Mon Aug 24 09:13:52 UTC 2026","testcases.mutasi.MutasiTransferTest","Surefire test","testcases.mutasi.MutasiTransferTest","mutasiUSDTTransferBalanceCS"
"Request Refund Transfer Supervisor","4733","refundTransferSupervisor","Surefire suite","Mon Aug 24 09:28:15 UTC 2026","passed","Mon Aug 24 09:28:20 UTC 2026","testcases.transfer.RefundTransferTest","Surefire test","testcases.transfer.RefundTransferTest","refundTransferSupervisor"
"Mutasi Transaction Admin","7073","mutasiAdmin","Surefire suite","Mon Aug 24 09:02:11 UTC 2026","passed","Mon Aug 24 09:02:18 UTC 2026","testcases.mutasi.MutasiTransferTest","Surefire test","testcases.mutasi.MutasiTransferTest","mutasiAdmin"
"Get Balance Merchant with Login Admin","7681","getBalanceAdmin","Surefire suite","Mon Aug 24 08:43:58 UTC 2026","passed","Mon Aug 24 08:44:06 UTC 2026","testcases.balance.GetBalanceQrisTest","Surefire test","testcases.balance.GetBalanceQrisTest","getBalanceAdmin"
"Mutasi Transfer Supervisor Balance CS","12679","mutasiTransferSupervisorBalanceCS","Surefire suite","Mon Aug 24 09:11:47 UTC 2026","passed","Mon Aug 24 09:12:00 UTC 2026","testcases.mutasi.MutasiTransferTest","Surefire test","testcases.mutasi.MutasiTransferTest","mutasiTransferSupervisorBalanceCS"
"Inquiry Test Transfer Admin Crypto","5155","inquiryTransferAdminCrypto","Surefire suite","Mon Aug 24 08:19:24 UTC 2026","passed","Mon Aug 24 08:19:29 UTC 2026","testcases.transfer.InquiryTransferTest","Surefire test","testcases.transfer.InquiryTransferTest","inquiryTransferAdminCrypto"
"Test Rejected Special Transfer Supervisor","11074","rejectedSpecialTransferSupervisor","Surefire suite","Mon Aug 24 08:55:13 UTC 2026","passed","Mon Aug 24 08:55:24 UTC 2026","testcases.backoffice.ApprovalTransferTest","Surefire test","testcases.backoffice.ApprovalTransferTest","rejectedSpecialTransferSupervisor"
"Get History Manual Transfer Test Supervisor","7846","historyManualTransferTestSupervisor","Surefire suite","Mon Aug 24 08:11:51 UTC 2026","passed","Mon Aug 24 08:11:59 UTC 2026","testcases.history.HistoryTransferTest","Surefire test","testcases.history.HistoryTransferTest","historyManualTransferTestSupervisor"
"Mutasi Special Transfer Supervisor CS","20901","mutasiSpecialTransferSupervisorCS","Surefire suite","Mon Aug 24 09:09:53 UTC 2026","passed","Mon Aug 24 09:10:14 UTC 2026","testcases.mutasi.MutasiTransferTest","Surefire test","testcases.mutasi.MutasiTransferTest","mutasiSpecialTransferSupervisorCS"
"Reset Password Backoffice","4743","resetPasswordBackoffice","Surefire suite","Mon Aug 24 09:31:37 UTC 2026","passed","Mon Aug 24 09:31:42 UTC 2026","testcases.settings.ResetPasswordTest","Surefire test","testcases.settings.ResetPasswordTest","resetPasswordBackoffice"
"Get History USDT Transfer Test Admin","11171","historyUSDTTransferTestFeeAdmin","Surefire suite","Mon Aug 24 08:16:44 UTC 2026","passed","Mon Aug 24 08:16:55 UTC 2026","testcases.history.HistoryTransferTest","Surefire test","testcases.history.HistoryTransferTest","historyUSDTTransferTestFeeAdmin"
"Reset Pin Group","5094","resetPinGroup","Surefire suite","Mon Aug 24 09:34:29 UTC 2026","passed","Mon Aug 24 09:34:34 UTC 2026","testcases.settings.ResetPinTest","Surefire test","testcases.settings.ResetPinTest","resetPinGroup"
"Mutasi Company Admin","8026","mutasiCompanyAdmin","Surefire suite","Mon Aug 24 09:02:21 UTC 2026","passed","Mon Aug 24 09:02:29 UTC 2026","testcases.mutasi.MutasiTransferTest","Surefire test","testcases.mutasi.MutasiTransferTest","mutasiCompanyAdmin"
"Test Get Bank Statement","7469","getReportBankStatementAdmin","Surefire suite","Mon Aug 24 09:16:22 UTC 2026","passed","Mon Aug 24 09:16:30 UTC 2026","testcases.report.ReportTransactionTest","Surefire test","testcases.report.ReportTransactionTest","getReportBankStatementAdmin"
"Login Merchant tanpa Parameter Username","3003","testLoginMissingUsernameParam","Surefire suite","Mon Aug 24 08:04:14 UTC 2026","passed","Mon Aug 24 08:04:17 UTC 2026","testcases.auth.LoginTest","Surefire test","testcases.auth.LoginTest","testLoginMissingUsernameParam"
"Test Get Report Company Merchant","5099","getReportCompanyAdmin","Surefire suite","Mon Aug 24 09:16:41 UTC 2026","passed","Mon Aug 24 09:16:46 UTC 2026","testcases.report.ReportTransactionTest","Surefire test","testcases.report.ReportTransactionTest","getReportCompanyAdmin"
"Get History Transfer Test","8097","historyTransferTest","Surefire suite","Mon Aug 24 08:14:22 UTC 2026","passed","Mon Aug 24 08:14:30 UTC 2026","testcases.history.HistoryTransferTest","Surefire test","testcases.history.HistoryTransferTest","historyTransferTest"
"Get History USDT Transfer Test CS","11063","historyUSDTTransferTestCS","Surefire suite","Mon Aug 24 08:16:30 UTC 2026","passed","Mon Aug 24 08:16:41 UTC 2026","testcases.history.HistoryTransferTest","Surefire test","testcases.history.HistoryTransferTest","historyUSDTTransferTestCS"
"Success Login Merchant","3158","testLoginWithCaptcha","Surefire suite","Mon Aug 24 08:04:51 UTC 2026","passed","Mon Aug 24 08:04:54 UTC 2026","testcases.auth.LoginTest","Surefire test","testcases.auth.LoginTest","testLoginWithCaptcha"
"Transfer Different Partner Reference, Special Transfer to Transfer","20748","trfPartnerRefSpecialFailed","Surefire suite","Mon Aug 24 08:22:41 UTC 2026","passed","Mon Aug 24 08:23:02 UTC 2026","testcases.transfer.TransferTest","Surefire test","testcases.transfer.TransferTest","trfPartnerRefSpecialFailed"
"Login Backoffice dengan Password Salah","4869","testLoginBackofficeWrongPassword","Surefire suite","Mon Aug 24 08:03:18 UTC 2026","passed","Mon Aug 24 08:03:22 UTC 2026","testcases.auth.LoginTest","Surefire test","testcases.auth.LoginTest","testLoginBackofficeWrongPassword"
"Test Get Report Transaction CS","4683","getReportTransactionCS","Surefire suite","Mon Aug 24 09:17:13 UTC 2026","passed","Mon Aug 24 09:17:17 UTC 2026","testcases.report.ReportTransactionTest","Surefire test","testcases.report.ReportTransactionTest","getReportTransactionCS"
"Transfer Different Partner Reference, USDT Transfer to Transfer","19963","trfPartnerRefUSDTFailed","Surefire suite","Mon Aug 24 08:23:28 UTC 2026","passed","Mon Aug 24 08:23:48 UTC 2026","testcases.transfer.TransferTest","Surefire test","testcases.transfer.TransferTest","trfPartnerRefUSDTFailed"
"","4589","generateQRCodeFailed","Surefire suite","Mon Aug 24 08:18:21 UTC 2026","passed","Mon Aug 24 08:18:25 UTC 2026","testcases.QR.GenerateQRTest","Surefire test","testcases.QR.GenerateQRTest","generateQRCodeFailed"
"Success Login Customer Service","3080","testLoginCS","Surefire suite","Mon Aug 24 08:03:25 UTC 2026","passed","Mon Aug 24 08:03:29 UTC 2026","testcases.auth.LoginTest","Surefire test","testcases.auth.LoginTest","testLoginCS"
"Test Approve Manual Transfer Supervisor dengan check Fee di Admin Crypto dan Admin Fee","40766","approvedCashDepositBalanceSupervisor","Surefire suite","Mon Aug 24 08:49:39 UTC 2026","passed","Mon Aug 24 08:50:19 UTC 2026","testcases.backoffice.ApprovalTransferTest","Surefire test","testcases.backoffice.ApprovalTransferTest","approvedCashDepositBalanceSupervisor"
"Delete session Merchant on CS Admin","5250","deleteSessionCsAdmin","Surefire suite","Mon Aug 24 09:21:37 UTC 2026","passed","Mon Aug 24 09:21:42 UTC 2026","testcases.backoffice.EditUserTest","Surefire test","testcases.backoffice.EditUserTest","deleteSessionCsAdmin"
"Get History QR Supervisor Success Paid","11016","historyQRTestPaidSupervisor","Surefire suite","Mon Aug 24 08:07:33 UTC 2026","passed","Mon Aug 24 08:07:44 UTC 2026","testcases.history.HistoryQRTest","Surefire test","testcases.history.HistoryQRTest","historyQRTestPaidSupervisor"
"Delete session Merchant on Backoffice","4889","deleteSessionBackoffice","Surefire suite","Mon Aug 24 09:21:29 UTC 2026","passed","Mon Aug 24 09:21:34 UTC 2026","testcases.backoffice.EditUserTest","Surefire test","testcases.backoffice.EditUserTest","deleteSessionBackoffice"
"Get Balance Merchant with Login Admin Crypto","4535","getFailedBalanceMerchantLoginAdminCrypto","Surefire suite","Mon Aug 24 08:45:03 UTC 2026","passed","Mon Aug 24 08:45:08 UTC 2026","testcases.balance.GetBalanceQrisTest","Surefire test","testcases.balance.GetBalanceQrisTest","getFailedBalanceMerchantLoginAdminCrypto"
"Transfer Different Parner Reference Supervisor, Manual Transfer to Transfer","20731","trfPartnerRefManualSpvFailed","Surefire suite","Mon Aug 24 08:22:17 UTC 2026","passed","Mon Aug 24 08:22:38 UTC 2026","testcases.transfer.TransferTest","Surefire test","testcases.transfer.TransferTest","trfPartnerRefManualSpvFailed"
"Mutasi USDT Transfer","26675","mutasiUSDTTransfer","Surefire suite","Mon Aug 24 09:12:17 UTC 2026","passed","Mon Aug 24 09:12:44 UTC 2026","testcases.mutasi.MutasiTransferTest","Surefire test","testcases.mutasi.MutasiTransferTest","mutasiUSDTTransfer"
"Normal Flop Transfer Balance Success","11400","flopTransferBalance","Surefire suite","Mon Aug 24 08:40:05 UTC 2026","passed","Mon Aug 24 08:40:16 UTC 2026","testcases.transfer.TransferFlopTest","Surefire test","testcases.transfer.TransferFlopTest","flopTransferBalance"
"Reset Password Group","4991","resetPasswordGroup","Surefire suite","Mon Aug 24 09:32:00 UTC 2026","passed","Mon Aug 24 09:32:05 UTC 2026","testcases.settings.ResetPasswordTest","Surefire test","testcases.settings.ResetPasswordTest","resetPasswordGroup"
"","8228","generateOpenQRCode","Surefire suite","Mon Aug 24 08:17:53 UTC 2026","passed","Mon Aug 24 08:18:01 UTC 2026","testcases.QR.GenerateQRTest","Surefire test","testcases.QR.GenerateQRTest","generateOpenQRCode"
"Get History USDT Transfer Supervisor on Login CS Admin","11220","historyUSDTTransferSupervisorTestCSAdmin","Surefire suite","Mon Aug 24 08:15:39 UTC 2026","passed","Mon Aug 24 08:15:51 UTC 2026","testcases.history.HistoryTransferTest","Surefire test","testcases.history.HistoryTransferTest","historyUSDTTransferSupervisorTestCSAdmin"
"Mutasi Transfer CS","11195","mutasiTransferCS","Surefire suite","Mon Aug 24 09:11:09 UTC 2026","passed","Mon Aug 24 09:11:20 UTC 2026","testcases.mutasi.MutasiTransferTest","Surefire test","testcases.mutasi.MutasiTransferTest","mutasiTransferCS"
"Mutasi Special Transfer Balance CS","25526","mutasiSpecialTransferBalanceCS","Surefire suite","Mon Aug 24 09:07:42 UTC 2026","passed","Mon Aug 24 09:08:07 UTC 2026","testcases.mutasi.MutasiTransferTest","Surefire test","testcases.mutasi.MutasiTransferTest","mutasiSpecialTransferBalanceCS"
"Test Approve Special Transfer Supervisor dengan check Fee di Admin Fee","25095","approvedSpecialTransferSupervisorBalance","Surefire suite","Mon Aug 24 08:51:40 UTC 2026","passed","Mon Aug 24 08:52:05 UTC 2026","testcases.backoffice.ApprovalTransferTest","Surefire test","testcases.backoffice.ApprovalTransferTest","approvedSpecialTransferSupervisorBalance"
"Edit User Backoffice","4633","editUserBackoffice","Surefire suite","Mon Aug 24 09:21:53 UTC 2026","passed","Mon Aug 24 09:21:58 UTC 2026","testcases.backoffice.EditUserTest","Surefire test","testcases.backoffice.EditUserTest","editUserBackoffice"
"Success Login Admin","5986","testLoginAdmin","Surefire suite","Mon Aug 24 08:02:42 UTC 2026","passed","Mon Aug 24 08:02:48 UTC 2026","testcases.auth.LoginTest","Surefire test","testcases.auth.LoginTest","testLoginAdmin"
"Inquiry Test Manual Transfer Merchant Supervisor","4745","inquiryManualTransferSupervisor","Surefire suite","Mon Aug 24 08:29:51 UTC 2026","passed","Mon Aug 24 08:29:56 UTC 2026","testcases.transfer.InquiryManualTransferTest","Surefire test","testcases.transfer.InquiryManualTransferTest","inquiryManualTransferSupervisor"
"Transfer Different Partner Reference, USDT Transfer to Transfer","20489","trfPartnerRefUSDTFailed","Surefire suite","Mon Aug 24 08:28:22 UTC 2026","passed","Mon Aug 24 08:28:43 UTC 2026","testcases.transfer.SpecialTransferTest","Surefire test","testcases.transfer.SpecialTransferTest","trfPartnerRefUSDTFailed"
"Mutasi Manual Transfer Balance","32261","mutasiManualTransferBalance","Surefire suite","Mon Aug 24 09:03:02 UTC 2026","passed","Mon Aug 24 09:03:34 UTC 2026","testcases.mutasi.MutasiTransferTest","Surefire test","testcases.mutasi.MutasiTransferTest","mutasiManualTransferBalance"
"Test Approved Manual Transfer Supervisor","17321","approvedCashDepositSupervisor","Surefire suite","Mon Aug 24 08:50:22 UTC 2026","passed","Mon Aug 24 08:50:40 UTC 2026","testcases.backoffice.ApprovalTransferTest","Surefire test","testcases.backoffice.ApprovalTransferTest","approvedCashDepositSupervisor"
"Test Get Report Transaction Group","4656","getReportTransactionAdmin","Surefire suite","Mon Aug 24 09:17:05 UTC 2026","passed","Mon Aug 24 09:17:10 UTC 2026","testcases.report.ReportTransactionTest","Surefire test","testcases.report.ReportTransactionTest","getReportTransactionAdmin"
"Get Balance Merchant with Login Admin","4374","getFailedBalanceMerchantLoginAdmin","Surefire suite","Mon Aug 24 08:44:56 UTC 2026","passed","Mon Aug 24 08:45:00 UTC 2026","testcases.balance.GetBalanceQrisTest","Surefire test","testcases.balance.GetBalanceQrisTest","getFailedBalanceMerchantLoginAdmin"
"Reset Pin Merchant","4694","resetPinMerchant","Surefire suite","Mon Aug 24 09:34:45 UTC 2026","passed","Mon Aug 24 09:34:49 UTC 2026","testcases.settings.ResetPinTest","Surefire test","testcases.settings.ResetPinTest","resetPinMerchant"
"Test Approved USDT Supervisor Tanpa URL","31057","approvedUSDTSupervisorWithoutURL","Surefire suite","Mon Aug 24 08:53:08 UTC 2026","passed","Mon Aug 24 08:53:39 UTC 2026","testcases.backoffice.ApprovalTransferTest","Surefire test","testcases.backoffice.ApprovalTransferTest","approvedUSDTSupervisorWithoutURL"
"Inquiry Test Transfer Merchant","8117","inquiryTransfer","Surefire suite","Mon Aug 24 08:19:13 UTC 2026","passed","Mon Aug 24 08:19:21 UTC 2026","testcases.transfer.InquiryTransferTest","Surefire test","testcases.transfer.InquiryTransferTest","inquiryTransfer"
"Request Refund Transfer Merchant","4782","refundTransferMerchant","Surefire suite","Mon Aug 24 09:28:07 UTC 2026","passed","Mon Aug 24 09:28:12 UTC 2026","testcases.transfer.RefundTransferTest","Surefire test","testcases.transfer.RefundTransferTest","refundTransferMerchant"
"Normal Flop Transfer Success","6696","transfer","Surefire suite","Mon Aug 24 08:40:42 UTC 2026","passed","Mon Aug 24 08:40:49 UTC 2026","testcases.transfer.TransferFlopTest","Surefire test","testcases.transfer.TransferFlopTest","transfer"
"Get Balance Merchant with Login Admin Crypto","4653","getBalanceAdminLoginAdminCrypto","Surefire suite","Mon Aug 24 08:44:09 UTC 2026","passed","Mon Aug 24 08:44:14 UTC 2026","testcases.balance.GetBalanceQrisTest","Surefire test","testcases.balance.GetBalanceQrisTest","getBalanceAdminLoginAdminCrypto"
"Get History QR CS","9632","historyQRTestCS","Surefire suite","Mon Aug 24 08:06:41 UTC 2026","passed","Mon Aug 24 08:06:51 UTC 2026","testcases.history.HistoryQRTest","Surefire test","testcases.history.HistoryQRTest","historyQRTestCS"
"Approval Refund Special Transfer Merchant","13567","approveRefundManualTransferMerchant","Surefire suite","Mon Aug 24 09:25:47 UTC 2026","passed","Mon Aug 24 09:26:01 UTC 2026","testcases.backoffice.ApprovalRefundTest","Surefire test","testcases.backoffice.ApprovalRefundTest","approveRefundManualTransferMerchant"
"Generate QR Success paid","6267","paidQR","Surefire suite","Mon Aug 24 08:43:00 UTC 2026","passed","Mon Aug 24 08:43:06 UTC 2026","testcases.QR.GenerateQRPaidTest","Surefire test","testcases.QR.GenerateQRPaidTest","paidQR"
"Get History Manual Transfer Test","7922","historyManualTransferTest","Surefire suite","Mon Aug 24 08:10:47 UTC 2026","passed","Mon Aug 24 08:10:55 UTC 2026","testcases.history.HistoryTransferTest","Surefire test","testcases.history.HistoryTransferTest","historyManualTransferTest"
"Test Rejected Special Transfer","12799","rejectedSpecialTransfer","Surefire suite","Mon Aug 24 08:54:57 UTC 2026","passed","Mon Aug 24 08:55:10 UTC 2026","testcases.backoffice.ApprovalTransferTest","Surefire test","testcases.backoffice.ApprovalTransferTest","rejectedSpecialTransfer"
"Inquiry Test Special Transfer Merchant","8860","inquirySpecialTransfer","Surefire suite","Mon Aug 24 08:24:56 UTC 2026","passed","Mon Aug 24 08:25:05 UTC 2026","testcases.transfer.InquirySpecialTransferTest","Surefire test","testcases.transfer.InquirySpecialTransferTest","inquirySpecialTransfer"
"Get History Special Transfer Test CS","10942","historySpecialTransferTestCS","Surefire suite","Mon Aug 24 08:13:14 UTC 2026","passed","Mon Aug 24 08:13:25 UTC 2026","testcases.history.HistoryTransferTest","Surefire test","testcases.history.HistoryTransferTest","historySpecialTransferTestCS"
"Test Approved USDT Supervisor","17135","approvedUSDTSupervisor","Surefire suite","Mon Aug 24 08:52:48 UTC 2026","passed","Mon Aug 24 08:53:05 UTC 2026","testcases.backoffice.ApprovalTransferTest","Surefire test","testcases.backoffice.ApprovalTransferTest","approvedUSDTSupervisor"
"Request Refund Transfer Admin Crypto","4865","refundTransferAdminCrypto","Surefire suite","Mon Aug 24 09:27:52 UTC 2026","passed","Mon Aug 24 09:27:56 UTC 2026","testcases.transfer.RefundTransferTest","Surefire test","testcases.transfer.RefundTransferTest","refundTransferAdminCrypto"
"Normal Manual Transfer Success with Account Supervisor","10408","manualTransferSupervisor","Surefire suite","Mon Aug 24 08:31:11 UTC 2026","passed","Mon Aug 24 08:31:21 UTC 2026","testcases.transfer.ManualTransferTest","Surefire test","testcases.transfer.ManualTransferTest","manualTransferSupervisor"
"Get History QR","6758","historyQRTest","Surefire suite","Mon Aug 24 08:06:19 UTC 2026","passed","Mon Aug 24 08:06:26 UTC 2026","testcases.history.HistoryQRTest","Surefire test","testcases.history.HistoryQRTest","historyQRTest"
"Login Merchant tanpa Parameter Password","2824","testLoginMissingPasswordParam","Surefire suite","Mon Aug 24 08:04:08 UTC 2026","passed","Mon Aug 24 08:04:11 UTC 2026","testcases.auth.LoginTest","Surefire test","testcases.auth.LoginTest","testLoginMissingPasswordParam"
"Test Approved Manual Transfer","17151","rejectedCashDeposit","Surefire suite","Mon Aug 24 08:54:16 UTC 2026","passed","Mon Aug 24 08:54:34 UTC 2026","testcases.backoffice.ApprovalTransferTest","Surefire test","testcases.backoffice.ApprovalTransferTest","rejectedCashDeposit"
"Test Approve Manual Transfer dengan check Fee di Admin Crypto dan Admin Fee","40596","approvedCashDepositBalance","Surefire suite","Mon Aug 24 08:48:55 UTC 2026","passed","Mon Aug 24 08:49:36 UTC 2026","testcases.backoffice.ApprovalTransferTest","Surefire test","testcases.backoffice.ApprovalTransferTest","approvedCashDepositBalance"
"Reset Pin Supervisor","5095","resetPinSupervisor","Surefire suite","Mon Aug 24 09:34:52 UTC 2026","passed","Mon Aug 24 09:34:57 UTC 2026","testcases.settings.ResetPinTest","Surefire test","testcases.settings.ResetPinTest","resetPinSupervisor"
"Test Get Report Transaction Merchant","4487","getReportTransactionMerchant","Surefire suite","Mon Aug 24 09:17:20 UTC 2026","passed","Mon Aug 24 09:17:25 UTC 2026","testcases.report.ReportTransactionTest","Surefire test","testcases.report.ReportTransactionTest","getReportTransactionMerchant"
"Approval Refund Transfer Merchant","9382","approveRefundTransferMerchant","Surefire suite","Mon Aug 24 09:26:16 UTC 2026","passed","Mon Aug 24 09:26:26 UTC 2026","testcases.backoffice.ApprovalRefundTest","Surefire test","testcases.backoffice.ApprovalRefundTest","approveRefundTransferMerchant"
"Normal Transfer with Account Supervisor","7102","transferSupervisor","Surefire suite","Mon Aug 24 08:21:18 UTC 2026","passed","Mon Aug 24 08:21:25 UTC 2026","testcases.transfer.TransferTest","Surefire test","testcases.transfer.TransferTest","transferSupervisor"
"Request Refund Transfer Waiting Merchant","4808","refundTransferWaitingMerchant","Surefire suite","Mon Aug 24 09:28:23 UTC 2026","passed","Mon Aug 24 09:28:27 UTC 2026","testcases.transfer.RefundTransferTest","Surefire test","testcases.transfer.RefundTransferTest","refundTransferWaitingMerchant"
"Normal Transfer USDT Supervisor Success","6261","usdtTransferSupervisor","Surefire suite","Mon Aug 24 08:37:43 UTC 2026","passed","Mon Aug 24 08:37:49 UTC 2026","testcases.transfer.TransferUSDTTest","Surefire test","testcases.transfer.TransferUSDTTest","usdtTransferSupervisor"
"Mutasi USDT Transfer Supervisor","27099","mutasiUSDTTransferSupervisor","Surefire suite","Mon Aug 24 09:14:58 UTC 2026","passed","Mon Aug 24 09:15:25 UTC 2026","testcases.mutasi.MutasiTransferTest","Surefire test","testcases.mutasi.MutasiTransferTest","mutasiUSDTTransferSupervisor"
"Get History Special Transfer Test Fee Admin","11090","historySpecialTransferTestFeeAdmin","Surefire suite","Mon Aug 24 08:13:28 UTC 2026","passed","Mon Aug 24 08:13:39 UTC 2026","testcases.history.HistoryTransferTest","Surefire test","testcases.history.HistoryTransferTest","historySpecialTransferTestFeeAdmin"
"","7750","listCashDeposit","Surefire suite","Mon Aug 24 08:58:42 UTC 2026","passed","Mon Aug 24 08:58:49 UTC 2026","testcases.backoffice.ListTransferTest","Surefire test","testcases.backoffice.ListTransferTest","listCashDeposit"
"Mutasi Transfer Balance","9949","mutasiTransferBalance","Surefire suite","Mon Aug 24 09:10:40 UTC 2026","passed","Mon Aug 24 09:10:50 UTC 2026","testcases.mutasi.MutasiTransferTest","Surefire test","testcases.mutasi.MutasiTransferTest","mutasiTransferBalance"
"Test Get Report RRN Dispute","4741","getReportRRNAdmin","Surefire suite","Mon Aug 24 09:16:57 UTC 2026","passed","Mon Aug 24 09:17:02 UTC 2026","testcases.report.ReportTransactionTest","Surefire test","testcases.report.ReportTransactionTest","getReportRRNAdmin"
"Login Merchant dengan Password Kosong","3059","testLoginEmptyPassword","Surefire suite","Mon Aug 24 08:03:38 UTC 2026","passed","Mon Aug 24 08:03:41 UTC 2026","testcases.auth.LoginTest","Surefire test","testcases.auth.LoginTest","testLoginEmptyPassword"
"Normal Special Transfer Success","10391","transfer","Surefire suite","Mon Aug 24 08:26:56 UTC 2026","passed","Mon Aug 24 08:27:07 UTC 2026","testcases.transfer.SpecialTransferTest","Surefire test","testcases.transfer.SpecialTransferTest","transfer"
"Test Settlement USDT CS Admin dengan check Fee di Admin Crypto dan Admin Fee","44214","settlementUSDTCSAdmin","Surefire suite","Mon Aug 24 08:56:56 UTC 2026","passed","Mon Aug 24 08:57:40 UTC 2026","testcases.backoffice.ApprovalTransferTest","Surefire test","testcases.backoffice.ApprovalTransferTest","settlementUSDTCSAdmin"
"Reset Pin Admin","7052","resetPinAdmin","Surefire suite","Mon Aug 24 09:33:47 UTC 2026","passed","Mon Aug 24 09:33:54 UTC 2026","testcases.settings.ResetPinTest","Surefire test","testcases.settings.ResetPinTest","resetPinAdmin"
"Inquiry Test Transfer Merchant Supervisor","4956","inquiryTransferSupervisor","Surefire suite","Mon Aug 24 08:19:32 UTC 2026","passed","Mon Aug 24 08:19:37 UTC 2026","testcases.transfer.InquiryTransferTest","Surefire test","testcases.transfer.InquiryTransferTest","inquiryTransferSupervisor"
"Transfer Success Admin Crypto with before and after Balanced","9859","transferBalanceAdminCrypto","Surefire suite","Mon Aug 24 08:21:05 UTC 2026","passed","Mon Aug 24 08:21:15 UTC 2026","testcases.transfer.TransferTest","Surefire test","testcases.transfer.TransferTest","transferBalanceAdminCrypto"
"Inquiry Test Flop Transfer Admin Crypto","8796","inquiryFlopTransferAdminCrypto","Surefire suite","Mon Aug 24 08:38:44 UTC 2026","passed","Mon Aug 24 08:38:53 UTC 2026","testcases.transfer.InquiryFlopTransferTest","Surefire test","testcases.transfer.InquiryFlopTransferTest","inquiryFlopTransferAdminCrypto"
"Get History QR Admin Success Paid","11256","historyQRTestPaidAdmin","Surefire suite","Mon Aug 24 08:07:05 UTC 2026","broken","Mon Aug 24 08:07:16 UTC 2026","testcases.history.HistoryQRTest","Surefire test","testcases.history.HistoryQRTest","historyQRTestPaidAdmin"
"Special Transfer Success with before and after Balance","10819","specialTransferSupervisor","Surefire suite","Mon Aug 24 08:26:43 UTC 2026","passed","Mon Aug 24 08:26:53 UTC 2026","testcases.transfer.SpecialTransferTest","Surefire test","testcases.transfer.SpecialTransferTest","specialTransferSupervisor"
"Reset Password Supervisor","5359","resetPasswordSupervisor","Surefire suite","Mon Aug 24 09:32:24 UTC 2026","passed","Mon Aug 24 09:32:29 UTC 2026","testcases.settings.ResetPasswordTest","Surefire test","testcases.settings.ResetPasswordTest","resetPasswordSupervisor"
"Request Refund Transfer CS","4578","refundTransferCS","Surefire suite","Mon Aug 24 09:27:59 UTC 2026","passed","Mon Aug 24 09:28:04 UTC 2026","testcases.transfer.RefundTransferTest","Surefire test","testcases.transfer.RefundTransferTest","refundTransferCS"
"Mutasi Transfer Supervisor Balance","9823","mutasiTransferSupervisorBalance","Surefire suite","Mon Aug 24 09:11:35 UTC 2026","passed","Mon Aug 24 09:11:44 UTC 2026","testcases.mutasi.MutasiTransferTest","Surefire test","testcases.mutasi.MutasiTransferTest","mutasiTransferSupervisorBalance"
"Normal Flop Transfer Balance Admin Crypto Success","10293","flopTransferBalanceAdminCrypto","Surefire suite","Mon Aug 24 08:40:19 UTC 2026","passed","Mon Aug 24 08:40:29 UTC 2026","testcases.transfer.TransferFlopTest","Surefire test","testcases.transfer.TransferFlopTest","flopTransferBalanceAdminCrypto"
"Success Login CS Admin","3176","testLoginCSAdmin","Surefire suite","Mon Aug 24 08:03:32 UTC 2026","passed","Mon Aug 24 08:03:35 UTC 2026","testcases.auth.LoginTest","Surefire test","testcases.auth.LoginTest","testLoginCSAdmin"
"Reset Pin Marketing","4800","resetPinMarketing","Surefire suite","Mon Aug 24 09:34:37 UTC 2026","passed","Mon Aug 24 09:34:42 UTC 2026","testcases.settings.ResetPinTest","Surefire test","testcases.settings.ResetPinTest","resetPinMarketing"
"Get History Manual Transfer Test CS","10880","historyManualTransferTestCS","Surefire suite","Mon Aug 24 08:11:23 UTC 2026","passed","Mon Aug 24 08:11:34 UTC 2026","testcases.history.HistoryTransferTest","Surefire test","testcases.history.HistoryTransferTest","historyManualTransferTestCS"
"Request Refund Manual Transfer Merchant","7946","refundManualTransferMerchant","Surefire suite","Mon Aug 24 09:27:33 UTC 2026","passed","Mon Aug 24 09:27:41 UTC 2026","testcases.transfer.RefundTransferTest","Surefire test","testcases.transfer.RefundTransferTest","refundManualTransferMerchant"
"Normal Transfer USDT Balance Success","10670","transferBalance","Surefire suite","Mon Aug 24 08:35:33 UTC 2026","passed","Mon Aug 24 08:35:44 UTC 2026","testcases.transfer.TransferUSDTTest","Surefire test","testcases.transfer.TransferUSDTTest","transferBalance"
"Normal Transfer USDT Success","9922","transfer","Surefire suite","Mon Aug 24 08:35:20 UTC 2026","passed","Mon Aug 24 08:35:30 UTC 2026","testcases.transfer.TransferUSDTTest","Surefire test","testcases.transfer.TransferUSDTTest","transfer"
"Transfer Different Partner Reference, USDT Transfer to Transfer","20230","trfPartnerRefSpecialFailed","Surefire suite","Mon Aug 24 08:36:34 UTC 2026","passed","Mon Aug 24 08:36:55 UTC 2026","testcases.transfer.TransferUSDTTest","Surefire test","testcases.transfer.TransferUSDTTest","trfPartnerRefSpecialFailed"
"Reset Password Admin","7430","resetPasswordAdmin","Surefire suite","Mon Aug 24 09:31:18 UTC 2026","passed","Mon Aug 24 09:31:26 UTC 2026","testcases.settings.ResetPasswordTest","Surefire test","testcases.settings.ResetPasswordTest","resetPasswordAdmin"
"Get History Special Transfer Test Admin Crypto","8053","historySpecialTransferTestAdminCrypto","Surefire suite","Mon Aug 24 08:13:03 UTC 2026","passed","Mon Aug 24 08:13:11 UTC 2026","testcases.history.HistoryTransferTest","Surefire test","testcases.history.HistoryTransferTest","historySpecialTransferTestAdminCrypto"
"Get History QR Paid Merchant on login CS Admin","11797","historyQRPaidMerchantCSAdmin","Surefire suite","Mon Aug 24 08:06:04 UTC 2026","passed","Mon Aug 24 08:06:16 UTC 2026","testcases.history.HistoryQRTest","Surefire test","testcases.history.HistoryQRTest","historyQRPaidMerchantCSAdmin"
"Get Balance Admin Transfer","7696","getBalanceAdmin","Surefire suite","Mon Aug 24 08:46:06 UTC 2026","passed","Mon Aug 24 08:46:13 UTC 2026","testcases.balance.GetBalanceTransferTest","Surefire test","testcases.balance.GetBalanceTransferTest","getBalanceAdmin"
"Add Whitelist Ip User CS Admin","7734","addWhitelistIpUserCsAdmin","Surefire suite","Mon Aug 24 09:21:18 UTC 2026","passed","Mon Aug 24 09:21:26 UTC 2026","testcases.backoffice.EditUserTest","Surefire test","testcases.backoffice.EditUserTest","addWhitelistIpUserCsAdmin"
"Get History Special Transfer Test Supervisor","7738","historySpecialTransferTestSupervisor","Surefire suite","Mon Aug 24 08:13:42 UTC 2026","passed","Mon Aug 24 08:13:50 UTC 2026","testcases.history.HistoryTransferTest","Surefire test","testcases.history.HistoryTransferTest","historySpecialTransferTestSupervisor"
"Transfer Success with before and after Balanced","10306","transferBalance","Surefire suite","Mon Aug 24 08:20:52 UTC 2026","passed","Mon Aug 24 08:21:02 UTC 2026","testcases.transfer.TransferTest","Surefire test","testcases.transfer.TransferTest","transferBalance"
"Get History Manual Transfer Test Admin","11197","historyManualTransferTestAdmin","Surefire suite","Mon Aug 24 08:10:58 UTC 2026","passed","Mon Aug 24 08:11:09 UTC 2026","testcases.history.HistoryTransferTest","Surefire test","testcases.history.HistoryTransferTest","historyManualTransferTestAdmin"
"Test Approve Special Transfer dengan check Fee di Admin Fee","25120","approvedSpecialTransferBalance","Surefire suite","Mon Aug 24 08:50:57 UTC 2026","passed","Mon Aug 24 08:51:22 UTC 2026","testcases.backoffice.ApprovalTransferTest","Surefire test","testcases.backoffice.ApprovalTransferTest","approvedSpecialTransferBalance"
"Transfer Different Partner Reference, Transfer to Manual Transfer","20206","trfPartnerRefTransferFailed","Surefire suite","Mon Aug 24 08:32:26 UTC 2026","passed","Mon Aug 24 08:32:46 UTC 2026","testcases.transfer.ManualTransferTest","Surefire test","testcases.transfer.ManualTransferTest","trfPartnerRefTransferFailed"
"Get History Flop Transfer Test Admin","11542","historyFlopTransferTestAdmin","Surefire suite","Mon Aug 24 08:09:26 UTC 2026","passed","Mon Aug 24 08:09:38 UTC 2026","testcases.history.HistoryTransferTest","Surefire test","testcases.history.HistoryTransferTest","historyFlopTransferTestAdmin"
"Success Assignment Cash Deposit Supervisor","16559","assignCashDepositSupervisorTest","Surefire suite","Mon Aug 24 09:00:12 UTC 2026","passed","Mon Aug 24 09:00:28 UTC 2026","testcases.backoffice.TransferAssignmentTest","Surefire test","testcases.backoffice.TransferAssignmentTest","assignCashDepositSupervisorTest"
"Get History Special Transfer Test","8097","historySpecialTransferTest","Surefire suite","Mon Aug 24 08:12:38 UTC 2026","passed","Mon Aug 24 08:12:46 UTC 2026","testcases.history.HistoryTransferTest","Surefire test","testcases.history.HistoryTransferTest","historySpecialTransferTest"
"Mutasi Manual Transfer Supervisor","26830","mutasiManualTransferSupervisor","Surefire suite","Mon Aug 24 09:05:50 UTC 2026","passed","Mon Aug 24 09:06:17 UTC 2026","testcases.mutasi.MutasiTransferTest","Surefire test","testcases.mutasi.MutasiTransferTest","mutasiManualTransferSupervisor"
"Mutasi Manual Transfer Balance CS","31445","mutasiManualTransferBalanceSupervisorCS","Surefire suite","Mon Aug 24 09:04:46 UTC 2026","passed","Mon Aug 24 09:05:17 UTC 2026","testcases.mutasi.MutasiTransferTest","Surefire test","testcases.mutasi.MutasiTransferTest","mutasiManualTransferBalanceSupervisorCS"
"Reset Pin CS Admin","4750","resetPinCSAdmin","Surefire suite","Mon Aug 24 09:34:21 UTC 2026","passed","Mon Aug 24 09:34:26 UTC 2026","testcases.settings.ResetPinTest","Surefire test","testcases.settings.ResetPinTest","resetPinCSAdmin"
"Generate QR Success with before and after Balance","11747","generateQRTestPaidBalance","Surefire suite","Mon Aug 24 08:42:45 UTC 2026","passed","Mon Aug 24 08:42:57 UTC 2026","testcases.QR.GenerateQRPaidTest","Surefire test","testcases.QR.GenerateQRPaidTest","generateQRTestPaidBalance"
"","4739","listSettlement","Surefire suite","Mon Aug 24 08:58:52 UTC 2026","passed","Mon Aug 24 08:58:57 UTC 2026","testcases.backoffice.ListTransferTest","Surefire test","testcases.backoffice.ListTransferTest","listSettlement"
"Generate QR Success with before and after Balance","27827","generateQRBalanceFeeMarketing","Surefire suite","Mon Aug 24 08:42:15 UTC 2026","passed","Mon Aug 24 08:42:42 UTC 2026","testcases.QR.GenerateQRPaidTest","Surefire test","testcases.QR.GenerateQRPaidTest","generateQRBalanceFeeMarketing"
"Normal Manual Transfer Success","9823","transfer","Surefire suite","Mon Aug 24 08:31:24 UTC 2026","passed","Mon Aug 24 08:31:34 UTC 2026","testcases.transfer.ManualTransferTest","Surefire test","testcases.transfer.ManualTransferTest","transfer"
"Success Login Group","3222","testLoginGroup","Surefire suite","Mon Aug 24 08:03:50 UTC 2026","passed","Mon Aug 24 08:03:53 UTC 2026","testcases.auth.LoginTest","Surefire test","testcases.auth.LoginTest","testLoginGroup"
"Inquiry Test Special Transfer Merchant Supervisor","4885","inquirySpecialTransferSupervisor","Surefire suite","Mon Aug 24 08:25:16 UTC 2026","passed","Mon Aug 24 08:25:20 UTC 2026","testcases.transfer.InquirySpecialTransferTest","Surefire test","testcases.transfer.InquirySpecialTransferTest","inquirySpecialTransferSupervisor"
"","10901","getCompanyDetail","Surefire suite","Mon Aug 24 09:24:23 UTC 2026","passed","Mon Aug 24 09:24:34 UTC 2026","testcases.backoffice.CheckCompanyDetailTest","Surefire test","testcases.backoffice.CheckCompanyDetailTest","getCompanyDetail"
"Get Balance Merchant","4840","getBalanceMerchant","Surefire suite","Mon Aug 24 08:44:32 UTC 2026","passed","Mon Aug 24 08:44:37 UTC 2026","testcases.balance.GetBalanceQrisTest","Surefire test","testcases.balance.GetBalanceQrisTest","getBalanceMerchant"
"Get History Manual Transfer Merchant on Login CS Admin","11336","historyManualTransferMerchantTestCSAdmin","Surefire suite","Mon Aug 24 08:10:19 UTC 2026","passed","Mon Aug 24 08:10:30 UTC 2026","testcases.history.HistoryTransferTest","Surefire test","testcases.history.HistoryTransferTest","historyManualTransferMerchantTestCSAdmin"
"Get History Transfer Test Admin","11221","historyTransferTestAdmin","Surefire suite","Mon Aug 24 08:14:33 UTC 2026","passed","Mon Aug 24 08:14:45 UTC 2026","testcases.history.HistoryTransferTest","Surefire test","testcases.history.HistoryTransferTest","historyTransferTestAdmin"
"Reset Pin Customer Service","4980","resetPinCS","Surefire suite","Mon Aug 24 09:34:13 UTC 2026","passed","Mon Aug 24 09:34:18 UTC 2026","testcases.settings.ResetPinTest","Surefire test","testcases.settings.ResetPinTest","resetPinCS"
"Get Balance Admin Crypto Transfer","4703","getBalanceAdminCrypto","Surefire suite","Mon Aug 24 08:46:17 UTC 2026","passed","Mon Aug 24 08:46:21 UTC 2026","testcases.balance.GetBalanceTransferTest","Surefire test","testcases.balance.GetBalanceTransferTest","getBalanceAdminCrypto"
"Test Get Report Transaction Supervisor","4649","getReportTransactionSupervisor","Surefire suite","Mon Aug 24 09:17:28 UTC 2026","passed","Mon Aug 24 09:17:33 UTC 2026","testcases.report.ReportTransactionTest","Surefire test","testcases.report.ReportTransactionTest","getReportTransactionSupervisor"
"Test Get Report Transfer Merchant","4744","getReportTransferAdmin","Surefire suite","Mon Aug 24 09:17:36 UTC 2026","failed","Mon Aug 24 09:17:40 UTC 2026","testcases.report.ReportTransactionTest","Surefire test","testcases.report.ReportTransactionTest","getReportTransferAdmin"
"Get History Transfer Test Supervisor","8377","historyTransferTestSupervisor","Surefire suite","Mon Aug 24 08:15:14 UTC 2026","passed","Mon Aug 24 08:15:22 UTC 2026","testcases.history.HistoryTransferTest","Surefire test","testcases.history.HistoryTransferTest","historyTransferTestSupervisor"
"Mutasi Special Transfer Balance Supervisor CS","24869","mutasiSpecialTransferBalanceSupervisorCS","Surefire suite","Mon Aug 24 09:08:38 UTC 2026","passed","Mon Aug 24 09:09:03 UTC 2026","testcases.mutasi.MutasiTransferTest","Surefire test","testcases.mutasi.MutasiTransferTest","mutasiSpecialTransferBalanceSupervisorCS"
"Get History Flop Transfer Test","8638","historyFlopTransferTest","Surefire suite","Mon Aug 24 08:09:14 UTC 2026","passed","Mon Aug 24 08:09:23 UTC 2026","testcases.history.HistoryTransferTest","Surefire test","testcases.history.HistoryTransferTest","historyFlopTransferTest"
"Success Assignment USDT Supervisor","12591","assignUSDTSupervisorTest","Surefire suite","Mon Aug 24 09:00:47 UTC 2026","passed","Mon Aug 24 09:01:00 UTC 2026","testcases.backoffice.TransferAssignmentTest","Surefire test","testcases.backoffice.TransferAssignmentTest","assignUSDTSupervisorTest"
"Get History Special Transfer Test Admin","10935","historySpecialTransferTestAdmin","Surefire suite","Mon Aug 24 08:12:49 UTC 2026","passed","Mon Aug 24 08:13:00 UTC 2026","testcases.history.HistoryTransferTest","Surefire test","testcases.history.HistoryTransferTest","historySpecialTransferTestAdmin"
"Inquiry Test Manual Transfer Admin Crypto","4836","inquiryManualTransferAdminCrypto","Surefire suite","Mon Aug 24 08:29:44 UTC 2026","passed","Mon Aug 24 08:29:48 UTC 2026","testcases.transfer.InquiryManualTransferTest","Surefire test","testcases.transfer.InquiryManualTransferTest","inquiryManualTransferAdminCrypto"
"","4880","listSpecialTransfer","Surefire suite","Mon Aug 24 08:59:00 UTC 2026","passed","Mon Aug 24 08:59:05 UTC 2026","testcases.backoffice.ListTransferTest","Surefire test","testcases.backoffice.ListTransferTest","listSpecialTransfer"
"Mutasi USDT Transfer Balance","31044","mutasiUSDTTransferBalanceSupervisor","Surefire suite","Mon Aug 24 09:13:55 UTC 2026","passed","Mon Aug 24 09:14:26 UTC 2026","testcases.mutasi.MutasiTransferTest","Surefire test","testcases.mutasi.MutasiTransferTest","mutasiUSDTTransferBalanceSupervisor"
"Get Balance Company on Login Admin","5008","getBalanceCompanyAdmin","Surefire suite","Mon Aug 24 08:44:17 UTC 2026","passed","Mon Aug 24 08:44:22 UTC 2026","testcases.balance.GetBalanceQrisTest","Surefire test","testcases.balance.GetBalanceQrisTest","getBalanceCompanyAdmin"
"Mutasi Manual Transfer Balance","30944","mutasiManualTransferBalanceSupervisor","Surefire suite","Mon Aug 24 09:04:12 UTC 2026","passed","Mon Aug 24 09:04:43 UTC 2026","testcases.mutasi.MutasiTransferTest","Surefire test","testcases.mutasi.MutasiTransferTest","mutasiManualTransferBalanceSupervisor"
"Get History Flop Transfer Merchant on Login CS Admin","15651","historyFlopTransferMerchantTestCSAdmin","Surefire suite","Mon Aug 24 08:08:41 UTC 2026","passed","Mon Aug 24 08:08:56 UTC 2026","testcases.history.HistoryTransferTest","Surefire test","testcases.history.HistoryTransferTest","historyFlopTransferMerchantTestCSAdmin"
"Mutasi Special Transfer","20763","mutasiSpecialTransfer","Surefire suite","Mon Aug 24 09:06:50 UTC 2026","passed","Mon Aug 24 09:07:11 UTC 2026","testcases.mutasi.MutasiTransferTest","Surefire test","testcases.mutasi.MutasiTransferTest","mutasiSpecialTransfer"
"Test Reject USDT Supervisor","16842","rejectedUSDTSupervisor","Surefire suite","Mon Aug 24 08:55:47 UTC 2026","passed","Mon Aug 24 08:56:04 UTC 2026","testcases.backoffice.ApprovalTransferTest","Surefire test","testcases.backoffice.ApprovalTransferTest","rejectedUSDTSupervisor"
"Get History Transfer Test Admin Crypto","7896","historyTransferTestAdminCrypto","Surefire suite","Mon Aug 24 08:14:48 UTC 2026","passed","Mon Aug 24 08:14:56 UTC 2026","testcases.history.HistoryTransferTest","Surefire test","testcases.history.HistoryTransferTest","historyTransferTestAdminCrypto"
"Transfer with Wrong Pin","21711","transferWrongPin","Surefire suite","Mon Aug 24 08:31:37 UTC 2026","passed","Mon Aug 24 08:31:59 UTC 2026","testcases.transfer.ManualTransferTest","Surefire test","testcases.transfer.ManualTransferTest","transferWrongPin"
"Inquiry Test USDT Transfer Merchant Supervisor","4705","inquiryUSDTSupervisor","Surefire suite","Mon Aug 24 08:34:20 UTC 2026","passed","Mon Aug 24 08:34:25 UTC 2026","testcases.transfer.InquiryUSDTTest","Surefire test","testcases.transfer.InquiryUSDTTest","inquiryUSDTSupervisor"
"Success Login Supervisor With Captcha","3277","testLoginSupervisor","Surefire suite","Mon Aug 24 08:04:39 UTC 2026","passed","Mon Aug 24 08:04:42 UTC 2026","testcases.auth.LoginTest","Surefire test","testcases.auth.LoginTest","testLoginSupervisor"
"Transfer Different Partner Reference, Manual Transfer to Transfer","20552","trfPartnerRefManualFailed","Surefire suite","Mon Aug 24 08:21:54 UTC 2026","passed","Mon Aug 24 08:22:14 UTC 2026","testcases.transfer.TransferTest","Surefire test","testcases.transfer.TransferTest","trfPartnerRefManualFailed"
"Success Login Backoffice","3408","testLoginBackoffice","Surefire suite","Mon Aug 24 08:02:58 UTC 2026","passed","Mon Aug 24 08:03:01 UTC 2026","testcases.auth.LoginTest","Surefire test","testcases.auth.LoginTest","testLoginBackoffice"
"Test Approved Special Transfer Supervisor","11104","approvedSpecialTransferSupervisor","Surefire suite","Mon Aug 24 08:51:25 UTC 2026","passed","Mon Aug 24 08:51:37 UTC 2026","testcases.backoffice.ApprovalTransferTest","Surefire test","testcases.backoffice.ApprovalTransferTest","approvedSpecialTransferSupervisor"
"Success Assignment USDT","12724","assignUSDTTest","Surefire suite","Mon Aug 24 09:01:03 UTC 2026","passed","Mon Aug 24 09:01:15 UTC 2026","testcases.backoffice.TransferAssignmentTest","Surefire test","testcases.backoffice.TransferAssignmentTest","assignUSDTTest"
"","5011","generateQRCodeClosed","Surefire suite","Mon Aug 24 08:18:13 UTC 2026","passed","Mon Aug 24 08:18:18 UTC 2026","testcases.QR.GenerateQRTest","Surefire test","testcases.QR.GenerateQRTest","generateQRCodeClosed"
"","5203","generateQRCode","Surefire suite","Mon Aug 24 08:18:04 UTC 2026","passed","Mon Aug 24 08:18:10 UTC 2026","testcases.QR.GenerateQRTest","Surefire test","testcases.QR.GenerateQRTest","generateQRCode"
"Get History Manual Transfer Supervisor on Login CS Admin","11007","historyManualTransferSupervisorTestCSAdmin","Surefire suite","Mon Aug 24 08:10:33 UTC 2026","passed","Mon Aug 24 08:10:44 UTC 2026","testcases.history.HistoryTransferTest","Surefire test","testcases.history.HistoryTransferTest","historyManualTransferSupervisorTestCSAdmin"
"Login Merchant tanpa Parameter Captcha","2879","testLoginMissingCaptchaParam","Surefire suite","Mon Aug 24 08:04:02 UTC 2026","passed","Mon Aug 24 08:04:05 UTC 2026","testcases.auth.LoginTest","Surefire test","testcases.auth.LoginTest","testLoginMissingCaptchaParam"
"Get History Manual Transfer Test Admin","11003","historyManualTransferTestFeeAdmin","Surefire suite","Mon Aug 24 08:11:37 UTC 2026","passed","Mon Aug 24 08:11:48 UTC 2026","testcases.history.HistoryTransferTest","Surefire test","testcases.history.HistoryTransferTest","historyManualTransferTestFeeAdmin"
"Mutasi Transfer Supervisor","8561","mutasiTransferSupervisor","Surefire suite","Mon Aug 24 09:11:23 UTC 2026","passed","Mon Aug 24 09:11:32 UTC 2026","testcases.mutasi.MutasiTransferTest","Surefire test","testcases.mutasi.MutasiTransferTest","mutasiTransferSupervisor"
"","4666","listUSDT","Surefire suite","Mon Aug 24 08:59:08 UTC 2026","passed","Mon Aug 24 08:59:13 UTC 2026","testcases.backoffice.ListTransferTest","Surefire test","testcases.backoffice.ListTransferTest","listUSDT"
"Get Balance Merchant with Login Marketing","4462","getFailedBalanceMerchantLoginMarketing","Surefire suite","Mon Aug 24 08:45:11 UTC 2026","passed","Mon Aug 24 08:45:15 UTC 2026","testcases.balance.GetBalanceQrisTest","Surefire test","testcases.balance.GetBalanceQrisTest","getFailedBalanceMerchantLoginMarketing"
"Reset Password Marketing","5003","resetPasswordMarketing","Surefire suite","Mon Aug 24 09:32:08 UTC 2026","passed","Mon Aug 24 09:32:13 UTC 2026","testcases.settings.ResetPasswordTest","Surefire test","testcases.settings.ResetPasswordTest","resetPasswordMarketing"
"Get Balance Merchant with Login Supervisor","4654","getBalanceMerchantLoginSupervisor","Surefire suite","Mon Aug 24 08:44:48 UTC 2026","passed","Mon Aug 24 08:44:53 UTC 2026","testcases.balance.GetBalanceQrisTest","Surefire test","testcases.balance.GetBalanceQrisTest","getBalanceMerchantLoginSupervisor"
"Transfer Different Partner Reference, Special Transfer to Manual Transfer","20529","trfPartnerRefManualFailed","Surefire suite","Mon Aug 24 08:32:02 UTC 2026","passed","Mon Aug 24 08:32:23 UTC 2026","testcases.transfer.ManualTransferTest","Surefire test","testcases.transfer.ManualTransferTest","trfPartnerRefManualFailed"
"Generate QR Success with Fee Admin","32504","generateQRBalanceFeeAdmin","Surefire suite","Mon Aug 24 08:41:39 UTC 2026","passed","Mon Aug 24 08:42:11 UTC 2026","testcases.QR.GenerateQRPaidTest","Surefire test","testcases.QR.GenerateQRPaidTest","generateQRBalanceFeeAdmin"
"Add Merchant From Backoffice","8993","addCompanyBackoffice","Surefire suite","Mon Aug 24 09:19:57 UTC 2026","passed","Mon Aug 24 09:20:06 UTC 2026","testcases.backoffice.AddCompanyTest","Surefire test","testcases.backoffice.AddCompanyTest","addCompanyBackoffice"
"Login Merchant dengan Captcha Salah","2872","testLoginWrongCaptcha","Surefire suite","Mon Aug 24 08:04:57 UTC 2026","passed","Mon Aug 24 08:05:00 UTC 2026","testcases.auth.LoginTest","Surefire test","testcases.auth.LoginTest","testLoginWrongCaptcha"
"Transfer Different Partner Reference, USDT Transfer to Manual Transfer","20737","trfPartnerRefUSDTFailed","Surefire suite","Mon Aug 24 08:32:49 UTC 2026","passed","Mon Aug 24 08:33:10 UTC 2026","testcases.transfer.ManualTransferTest","Surefire test","testcases.transfer.ManualTransferTest","trfPartnerRefUSDTFailed"
"Transfer with Wrong Pin","20846","transferWrongPin","Surefire suite","Mon Aug 24 08:35:47 UTC 2026","passed","Mon Aug 24 08:36:08 UTC 2026","testcases.transfer.TransferUSDTTest","Surefire test","testcases.transfer.TransferUSDTTest","transferWrongPin"
"Reset Password Merchant","4706","resetPasswordMerchant","Surefire suite","Mon Aug 24 09:32:16 UTC 2026","passed","Mon Aug 24 09:32:21 UTC 2026","testcases.settings.ResetPasswordTest","Surefire test","testcases.settings.ResetPasswordTest","resetPasswordMerchant"
"Mutasi Special Transfer Balance Supervisor","25177","mutasiSpecialTransferBalanceSupervisor","Surefire suite","Mon Aug 24 09:08:10 UTC 2026","passed","Mon Aug 24 09:08:35 UTC 2026","testcases.mutasi.MutasiTransferTest","Surefire test","testcases.mutasi.MutasiTransferTest","mutasiSpecialTransferBalanceSupervisor"
"Get History QR CS Success Paid","10991","historyQRTestPaidCS","Surefire suite","Mon Aug 24 08:07:19 UTC 2026","passed","Mon Aug 24 08:07:30 UTC 2026","testcases.history.HistoryQRTest","Surefire test","testcases.history.HistoryQRTest","historyQRTestPaidCS"
"Test Approved USDT","17203","approvedUSDTAdminCrypto","Surefire suite","Mon Aug 24 08:52:28 UTC 2026","passed","Mon Aug 24 08:52:45 UTC 2026","testcases.backoffice.ApprovalTransferTest","Surefire test","testcases.backoffice.ApprovalTransferTest","approvedUSDTAdminCrypto"
"Request Refund Special Transfer Merchant","4576","refundSpecialTransferMerchant","Surefire suite","Mon Aug 24 09:27:44 UTC 2026","passed","Mon Aug 24 09:27:49 UTC 2026","testcases.transfer.RefundTransferTest","Surefire test","testcases.transfer.RefundTransferTest","refundSpecialTransferMerchant"
"Normal Flop Supervisor Transfer Success","6872","flopTransferSupervisor","Surefire suite","Mon Aug 24 08:40:32 UTC 2026","passed","Mon Aug 24 08:40:39 UTC 2026","testcases.transfer.TransferFlopTest","Surefire test","testcases.transfer.TransferFlopTest","flopTransferSupervisor"
"Mutasi Manual Transfer Supervisor CS","26984","mutasiManualTransferSupervisorCS","Surefire suite","Mon Aug 24 09:06:20 UTC 2026","passed","Mon Aug 24 09:06:47 UTC 2026","testcases.mutasi.MutasiTransferTest","Surefire test","testcases.mutasi.MutasiTransferTest","mutasiManualTransferSupervisorCS"
"Mutasi Special Transfer Supervisor","20280","mutasiSpecialTransferSupervisor","Surefire suite","Mon Aug 24 09:09:30 UTC 2026","passed","Mon Aug 24 09:09:50 UTC 2026","testcases.mutasi.MutasiTransferTest","Surefire test","testcases.mutasi.MutasiTransferTest","mutasiSpecialTransferSupervisor"
"Get History USDT Transfer Test Supervisor","8036","historyUSDTTransferTestSupervisor","Surefire suite","Mon Aug 24 08:16:58 UTC 2026","passed","Mon Aug 24 08:17:06 UTC 2026","testcases.history.HistoryTransferTest","Surefire test","testcases.history.HistoryTransferTest","historyUSDTTransferTestSupervisor"
"Get History Flop Transfer Supervisor on Login CS Admin","12036","historyFlopTransferSupervisorTestCSAdmin","Surefire suite","Mon Aug 24 08:08:59 UTC 2026","passed","Mon Aug 24 08:09:11 UTC 2026","testcases.history.HistoryTransferTest","Surefire test","testcases.history.HistoryTransferTest","historyFlopTransferSupervisorTestCSAdmin"
"Inquiry Test USDT Transfer Admin Crypto","4721","inquiryUSDTAdminCrypto","Surefire suite","Mon Aug 24 08:34:13 UTC 2026","passed","Mon Aug 24 08:34:17 UTC 2026","testcases.transfer.InquiryUSDTTest","Surefire test","testcases.transfer.InquiryUSDTTest","inquiryUSDTAdminCrypto"
"Transfer Different Parner Reference Supervisor, Special Transfer to Transfer","20452","trfPartnerRefSpecialSpvFailed","Surefire suite","Mon Aug 24 08:23:05 UTC 2026","passed","Mon Aug 24 08:23:25 UTC 2026","testcases.transfer.TransferTest","Surefire test","testcases.transfer.TransferTest","trfPartnerRefSpecialSpvFailed"
"Test Approved Special Transfer","11561","approvedSpecialTransfer","Surefire suite","Mon Aug 24 08:50:43 UTC 2026","passed","Mon Aug 24 08:50:54 UTC 2026","testcases.backoffice.ApprovalTransferTest","Surefire test","testcases.backoffice.ApprovalTransferTest","approvedSpecialTransfer"
"Normal Transfer Success","7011","transferAdminCrypto","Surefire suite","Mon Aug 24 08:20:42 UTC 2026","passed","Mon Aug 24 08:20:49 UTC 2026","testcases.transfer.TransferTest","Surefire test","testcases.transfer.TransferTest","transferAdminCrypto"
"Get History Flop Transfer Test Supervisor","8598","historyFlopTransferTestSupervisor","Surefire suite","Mon Aug 24 08:10:07 UTC 2026","passed","Mon Aug 24 08:10:16 UTC 2026","testcases.history.HistoryTransferTest","Surefire test","testcases.history.HistoryTransferTest","historyFlopTransferTestSupervisor"
"Mutasi Manual Transfer","27153","mutasiManualTransfer","Surefire suite","Mon Aug 24 09:02:32 UTC 2026","passed","Mon Aug 24 09:02:59 UTC 2026","testcases.mutasi.MutasiTransferTest","Surefire test","testcases.mutasi.MutasiTransferTest","mutasiManualTransfer"
"Normal Transfer USDT Balance Success","9411","usdtTransferBalanceAdminCrypto","Surefire suite","Mon Aug 24 08:37:30 UTC 2026","passed","Mon Aug 24 08:37:40 UTC 2026","testcases.transfer.TransferUSDTTest","Surefire test","testcases.transfer.TransferUSDTTest","usdtTransferBalanceAdminCrypto"
"Normal Special Transfer Success Admin Crypto","9614","specialTransferAdminCrypto","Surefire suite","Mon Aug 24 08:26:17 UTC 2026","passed","Mon Aug 24 08:26:27 UTC 2026","testcases.transfer.SpecialTransferTest","Surefire test","testcases.transfer.SpecialTransferTest","specialTransferAdminCrypto"
"Normal Transfer USDT Success Admin Crypto","6560","usdtTransferAdminCrypto","Surefire suite","Mon Aug 24 08:37:21 UTC 2026","passed","Mon Aug 24 08:37:27 UTC 2026","testcases.transfer.TransferUSDTTest","Surefire test","testcases.transfer.TransferUSDTTest","usdtTransferAdminCrypto"
"Mutasi Special Transfer Balance","24930","mutasiSpecialTransferBalance","Surefire suite","Mon Aug 24 09:07:14 UTC 2026","passed","Mon Aug 24 09:07:38 UTC 2026","testcases.mutasi.MutasiTransferTest","Surefire test","testcases.mutasi.MutasiTransferTest","mutasiSpecialTransferBalance"
"Test Rejected Manual Transfer Supervisor","17499","rejectedCashDepositSupervisor","Surefire suite","Mon Aug 24 08:54:37 UTC 2026","passed","Mon Aug 24 08:54:54 UTC 2026","testcases.backoffice.ApprovalTransferTest","Surefire test","testcases.backoffice.ApprovalTransferTest","rejectedCashDepositSupervisor"
"Mutasi USDT Transfer Balance","30856","mutasiUSDTTransferBalance","Surefire suite","Mon Aug 24 09:12:47 UTC 2026","passed","Mon Aug 24 09:13:18 UTC 2026","testcases.mutasi.MutasiTransferTest","Surefire test","testcases.mutasi.MutasiTransferTest","mutasiUSDTTransferBalance"
"Get History Transfer Supervisor on Login CS Admin","11208","historyTransferSupervisorTestCSAdmin","Surefire suite","Mon Aug 24 08:14:08 UTC 2026","passed","Mon Aug 24 08:14:19 UTC 2026","testcases.history.HistoryTransferTest","Surefire test","testcases.history.HistoryTransferTest","historyTransferSupervisorTestCSAdmin"
"Mutasi Transfer","8228","mutasiTransferAdminCrypto","Surefire suite","Mon Aug 24 09:10:29 UTC 2026","passed","Mon Aug 24 09:10:37 UTC 2026","testcases.mutasi.MutasiTransferTest","Surefire test","testcases.mutasi.MutasiTransferTest","mutasiTransferAdminCrypto"
"Reset Pin Admin Crypto","5037","resetPinAdminCrypto","Surefire suite","Mon Aug 24 09:33:57 UTC 2026","passed","Mon Aug 24 09:34:02 UTC 2026","testcases.settings.ResetPinTest","Surefire test","testcases.settings.ResetPinTest","resetPinAdminCrypto"
"Test Approved Manual Transfer","20913","approvedCashDeposit","Surefire suite","Mon Aug 24 08:48:31 UTC 2026","passed","Mon Aug 24 08:48:52 UTC 2026","testcases.backoffice.ApprovalTransferTest","Surefire test","testcases.backoffice.ApprovalTransferTest","approvedCashDeposit"
"Get History Flop Transfer Test CS","11953","historyFlopTransferTestCS","Surefire suite","Mon Aug 24 08:09:52 UTC 2026","passed","Mon Aug 24 08:10:04 UTC 2026","testcases.history.HistoryTransferTest","Surefire test","testcases.history.HistoryTransferTest","historyFlopTransferTestCS"
"Mutasi USDT Transfer CS","26153","mutasiUSDTTransferCS","Surefire suite","Mon Aug 24 09:14:29 UTC 2026","passed","Mon Aug 24 09:14:55 UTC 2026","testcases.mutasi.MutasiTransferTest","Surefire test","testcases.mutasi.MutasiTransferTest","mutasiUSDTTransferCS"
"Mutasi Manual Transfer CS","26690","mutasiManualTransferCS","Surefire suite","Mon Aug 24 09:05:20 UTC 2026","passed","Mon Aug 24 09:05:47 UTC 2026","testcases.mutasi.MutasiTransferTest","Surefire test","testcases.mutasi.MutasiTransferTest","mutasiManualTransferCS"
"Login Merchant dengan Captcha yang Dipakai Ulang","4216","testLoginReusedCaptcha","Surefire suite","Mon Aug 24 08:04:26 UTC 2026","passed","Mon Aug 24 08:04:30 UTC 2026","testcases.auth.LoginTest","Surefire test","testcases.auth.LoginTest","testLoginReusedCaptcha"
"Get History USDT Transfer Test","8092","historyUSDTTransferTest","Surefire suite","Mon Aug 24 08:15:54 UTC 2026","passed","Mon Aug 24 08:16:02 UTC 2026","testcases.history.HistoryTransferTest","Surefire test","testcases.history.HistoryTransferTest","historyUSDTTransferTest"
"Test Approved USDT","17055","approvedUSDT","Surefire suite","Mon Aug 24 08:52:08 UTC 2026","passed","Mon Aug 24 08:52:25 UTC 2026","testcases.backoffice.ApprovalTransferTest","Surefire test","testcases.backoffice.ApprovalTransferTest","approvedUSDT"
"Success Assignment Cash Deposit","12690","assignCashDepositTest","Surefire suite","Mon Aug 24 09:00:31 UTC 2026","passed","Mon Aug 24 09:00:44 UTC 2026","testcases.backoffice.TransferAssignmentTest","Surefire test","testcases.backoffice.TransferAssignmentTest","assignCashDepositTest"
"Get History Transfer Merchant on Login CS Admin","12204","historyTransferMerchantTestCSAdmin","Surefire suite","Mon Aug 24 08:13:53 UTC 2026","passed","Mon Aug 24 08:14:05 UTC 2026","testcases.history.HistoryTransferTest","Surefire test","testcases.history.HistoryTransferTest","historyTransferMerchantTestCSAdmin"
"Transfer with Wrong Pin","22050","transferWrongPin","Surefire suite","Mon Aug 24 08:27:10 UTC 2026","passed","Mon Aug 24 08:27:32 UTC 2026","testcases.transfer.SpecialTransferTest","Surefire test","testcases.transfer.SpecialTransferTest","transferWrongPin"
"Get Balance Merchant with Login CS","4733","getBalanceMerchantLoginCS","Surefire suite","Mon Aug 24 08:44:40 UTC 2026","passed","Mon Aug 24 08:44:45 UTC 2026","testcases.balance.GetBalanceQrisTest","Surefire test","testcases.balance.GetBalanceQrisTest","getBalanceMerchantLoginCS"
"Normal Manual Transfer Success Admin Crypto","9206","manualTransferAdminCrypto","Surefire suite","Mon Aug 24 08:30:46 UTC 2026","passed","Mon Aug 24 08:30:55 UTC 2026","testcases.transfer.ManualTransferTest","Surefire test","testcases.transfer.ManualTransferTest","manualTransferAdminCrypto"
"Get History Flop Transfer Test Admin Crypto","8689","historyFlopTransferTestAdminCrypto","Surefire suite","Mon Aug 24 08:09:41 UTC 2026","passed","Mon Aug 24 08:09:49 UTC 2026","testcases.history.HistoryTransferTest","Surefire test","testcases.history.HistoryTransferTest","historyFlopTransferTestAdminCrypto"
"Reset Pin Backoffice","4859","resetPinBackoffice","Surefire suite","Mon Aug 24 09:34:05 UTC 2026","passed","Mon Aug 24 09:34:10 UTC 2026","testcases.settings.ResetPinTest","Surefire test","testcases.settings.ResetPinTest","resetPinBackoffice"
"Get History Refund Test Admin Crypto","4694","historyRefundTestAdminCrypto","Surefire suite","Mon Aug 24 08:12:02 UTC 2026","failed","Mon Aug 24 08:12:07 UTC 2026","testcases.history.HistoryTransferTest","Surefire test","testcases.history.HistoryTransferTest","historyRefundTestAdminCrypto"
"Get History USDT Transfer Test Admin Crypto","7806","historyUSDTTransferTestAdminCrypto","Surefire suite","Mon Aug 24 08:16:19 UTC 2026","passed","Mon Aug 24 08:16:27 UTC 2026","testcases.history.HistoryTransferTest","Surefire test","testcases.history.HistoryTransferTest","historyUSDTTransferTestAdminCrypto"
"Test Settlement USDT dengan check Fee di Admin Crypto dan Admin Fee","46035","settlementUSDT","Surefire suite","Mon Aug 24 08:56:07 UTC 2026","passed","Mon Aug 24 08:56:53 UTC 2026","testcases.backoffice.ApprovalTransferTest","Surefire test","testcases.backoffice.ApprovalTransferTest","settlementUSDT"
"Get History USDT Transfer Merchant on Login CS Admin","11030","historyUSDTTransferMerchantTestCSAdmin","Surefire suite","Mon Aug 24 08:15:25 UTC 2026","passed","Mon Aug 24 08:15:36 UTC 2026","testcases.history.HistoryTransferTest","Surefire test","testcases.history.HistoryTransferTest","historyUSDTTransferMerchantTestCSAdmin"
"Mutasi Special Transfer CS","20804","mutasiSpecialTransferCS","Surefire suite","Mon Aug 24 09:09:06 UTC 2026","passed","Mon Aug 24 09:09:27 UTC 2026","testcases.mutasi.MutasiTransferTest","Surefire test","testcases.mutasi.MutasiTransferTest","mutasiSpecialTransferCS"
"Test Get Report Transfer Company","10991","getReportTransferAdminCrypto","Surefire suite","Mon Aug 24 09:18:43 UTC 2026","passed","Mon Aug 24 09:18:54 UTC 2026","testcases.report.ReportTransferTest","Surefire test","testcases.report.ReportTransferTest","getReportTransferAdminCrypto"
"Login Merchant dengan Username Mengandung SQL Injection","2860","testLoginSqlInjectionUsername","Surefire suite","Mon Aug 24 08:04:33 UTC 2026","passed","Mon Aug 24 08:04:36 UTC 2026","testcases.auth.LoginTest","Surefire test","testcases.auth.LoginTest","testLoginSqlInjectionUsername"
"Login Backoffice dengan Captcha Salah","4106","testLoginBackofficeWrongCaptcha","Surefire suite","Mon Aug 24 08:03:10 UTC 2026","passed","Mon Aug 24 08:03:15 UTC 2026","testcases.auth.LoginTest","Surefire test","testcases.auth.LoginTest","testLoginBackofficeWrongCaptcha"
"Mutasi Manual Transfer Balance CS","31617","mutasiManualTransferBalanceCS","Surefire suite","Mon Aug 24 09:03:37 UTC 2026","passed","Mon Aug 24 09:04:09 UTC 2026","testcases.mutasi.MutasiTransferTest","Surefire test","testcases.mutasi.MutasiTransferTest","mutasiManualTransferBalanceCS"
"Inquiry Test Special Transfer Admin Crypto","4861","inquirySpecialTransferAdminCrypto","Surefire suite","Mon Aug 24 08:25:08 UTC 2026","passed","Mon Aug 24 08:25:13 UTC 2026","testcases.transfer.InquirySpecialTransferTest","Surefire test","testcases.transfer.InquirySpecialTransferTest","inquirySpecialTransferAdminCrypto"
"Success Login Admin Crypto","3292","testLoginAdminCrypto","Surefire suite","Mon Aug 24 08:02:52 UTC 2026","passed","Mon Aug 24 08:02:55 UTC 2026","testcases.auth.LoginTest","Surefire test","testcases.auth.LoginTest","testLoginAdminCrypto"
"Add Currency USDT Cs Admin","7076","addCurrencyCsAdmin","Surefire suite","Mon Aug 24 09:23:06 UTC 2026","passed","Mon Aug 24 09:23:13 UTC 2026","testcases.backoffice.AddCurrencyTest","Surefire test","testcases.backoffice.AddCurrencyTest","addCurrencyCsAdmin"
"Inquiry Test USDT Transfer Merchant","7869","inquiryUSDT","Surefire suite","Mon Aug 24 08:34:02 UTC 2026","passed","Mon Aug 24 08:34:10 UTC 2026","testcases.transfer.InquiryUSDTTest","Surefire test","testcases.transfer.InquiryUSDTTest","inquiryUSDT"
"Reset Password CS Admin","4731","resetPasswordCSAdmin","Surefire suite","Mon Aug 24 09:31:52 UTC 2026","passed","Mon Aug 24 09:31:57 UTC 2026","testcases.settings.ResetPasswordTest","Surefire test","testcases.settings.ResetPasswordTest","resetPasswordCSAdmin"
"Inquiry Test Manual Transfer Merchant","7740","inquiryManualTransfer","Surefire suite","Mon Aug 24 08:29:33 UTC 2026","passed","Mon Aug 24 08:29:40 UTC 2026","testcases.transfer.InquiryManualTransferTest","Surefire test","testcases.transfer.InquiryManualTransferTest","inquiryManualTransfer"
"Approval Refund Special Transfer Merchant","9202","approveRefundSpecialTransferMerchant","Surefire suite","Mon Aug 24 09:26:04 UTC 2026","passed","Mon Aug 24 09:26:13 UTC 2026","testcases.backoffice.ApprovalRefundTest","Surefire test","testcases.backoffice.ApprovalRefundTest","approveRefundSpecialTransferMerchant"
"Get History QR Admin","9424","historyQRTestAdmin","Surefire suite","Mon Aug 24 08:06:29 UTC 2026","passed","Mon Aug 24 08:06:38 UTC 2026","testcases.history.HistoryQRTest","Surefire test","testcases.history.HistoryQRTest","historyQRTestAdmin"
"Get History QR Open Merchant on login CS Admin","13358","historyQROpenMerchantCSAdmin","Surefire suite","Mon Aug 24 08:05:48 UTC 2026","passed","Mon Aug 24 08:06:01 UTC 2026","testcases.history.HistoryQRTest","Surefire test","testcases.history.HistoryQRTest","historyQROpenMerchantCSAdmin"
"Normal Flop Transfer Success Admin Crypto","9055","flopTransferAdminCrypto","Surefire suite","Mon Aug 24 08:39:52 UTC 2026","passed","Mon Aug 24 08:40:01 UTC 2026","testcases.transfer.TransferFlopTest","Surefire test","testcases.transfer.TransferFlopTest","flopTransferAdminCrypto"
"Transfer Different Partner Reference, Manual Transfer to Transfer","20263","trfPartnerRefManualFailed","Surefire suite","Mon Aug 24 08:27:35 UTC 2026","passed","Mon Aug 24 08:27:55 UTC 2026","testcases.transfer.SpecialTransferTest","Surefire test","testcases.transfer.SpecialTransferTest","trfPartnerRefManualFailed"
"","6839","getDashboardSuperBO","Surefire suite","Mon Aug 24 08:47:25 UTC 2026","passed","Mon Aug 24 08:47:32 UTC 2026","testcases.backoffice.GetDashboardTest","Surefire test","testcases.backoffice.GetDashboardTest","getDashboardSuperBO"
"Reset Password Admin Crypto","4928","resetPasswordAdminCrypto","Surefire suite","Mon Aug 24 09:31:29 UTC 2026","passed","Mon Aug 24 09:31:34 UTC 2026","testcases.settings.ResetPasswordTest","Surefire test","testcases.settings.ResetPasswordTest","resetPasswordAdminCrypto"
"Add Merchant From CS Admin","5373","addCompanyCsAdmin","Surefire suite","Mon Aug 24 09:20:09 UTC 2026","passed","Mon Aug 24 09:20:14 UTC 2026","testcases.backoffice.AddCompanyTest","Surefire test","testcases.backoffice.AddCompanyTest","addCompanyCsAdmin"
"Normal Balance Special Transfer Success","9660","specialTransferBalanceAdminCrypto","Surefire suite","Mon Aug 24 08:26:30 UTC 2026","passed","Mon Aug 24 08:26:40 UTC 2026","testcases.transfer.SpecialTransferTest","Surefire test","testcases.transfer.SpecialTransferTest","specialTransferBalanceAdminCrypto"
"Transfer Different Partner Reference, Manual Transfer to USDT Transfer","20562","trfPartnerRefManualFailed","Surefire suite","Mon Aug 24 08:36:11 UTC 2026","passed","Mon Aug 24 08:36:31 UTC 2026","testcases.transfer.TransferUSDTTest","Surefire test","testcases.transfer.TransferUSDTTest","trfPartnerRefManualFailed"
"Get History QR Supervisor","9667","historyQRTestSupervisor","Surefire suite","Mon Aug 24 08:07:47 UTC 2026","passed","Mon Aug 24 08:07:57 UTC 2026","testcases.history.HistoryQRTest","Surefire test","testcases.history.HistoryQRTest","historyQRTestSupervisor"
"Test Get Report Transfer Merchant","4870","getReportBatchAdmin","Surefire suite","Mon Aug 24 09:16:33 UTC 2026","passed","Mon Aug 24 09:16:38 UTC 2026","testcases.report.ReportTransactionTest","Surefire test","testcases.report.ReportTransactionTest","getReportBatchAdmin"
"Transfer Different Partner Reference, Transfer to USDT Transfer","20221","trfPartnerRefTransferFailed","Surefire suite","Mon Aug 24 08:36:58 UTC 2026","passed","Mon Aug 24 08:37:18 UTC 2026","testcases.transfer.TransferUSDTTest","Surefire test","testcases.transfer.TransferUSDTTest","trfPartnerRefTransferFailed"
"Get History Transfer Test CS","12448","historyTransferTestCS","Surefire suite","Mon Aug 24 08:14:59 UTC 2026","passed","Mon Aug 24 08:15:11 UTC 2026","testcases.history.HistoryTransferTest","Surefire test","testcases.history.HistoryTransferTest","historyTransferTestCS"
"Test Approved USDT Tanpa URL","31251","approvedUSDTwithoutURL","Surefire suite","Mon Aug 24 08:53:42 UTC 2026","passed","Mon Aug 24 08:54:13 UTC 2026","testcases.backoffice.ApprovalTransferTest","Surefire test","testcases.backoffice.ApprovalTransferTest","approvedUSDTwithoutURL"
"Test Reject USDT","17330","rejectedUSDT","Surefire suite","Mon Aug 24 08:55:27 UTC 2026","passed","Mon Aug 24 08:55:44 UTC 2026","testcases.backoffice.ApprovalTransferTest","Surefire test","testcases.backoffice.ApprovalTransferTest","rejectedUSDT"
"Mutasi Transfer Supervisor CS","11181","mutasiTransferSupervisorCS","Surefire suite","Mon Aug 24 09:12:03 UTC 2026","passed","Mon Aug 24 09:12:14 UTC 2026","testcases.mutasi.MutasiTransferTest","Surefire test","testcases.mutasi.MutasiTransferTest","mutasiTransferSupervisorCS"
"Get Balance Merchant Transfer","4660","getBalanceMerchant","Surefire suite","Mon Aug 24 08:46:24 UTC 2026","passed","Mon Aug 24 08:46:29 UTC 2026","testcases.balance.GetBalanceTransferTest","Surefire test","testcases.balance.GetBalanceTransferTest","getBalanceMerchant"
"Get History Manual Transfer Test Admin Crypto","7920","historyManualTransferTestAdminCrypto","Surefire suite","Mon Aug 24 08:11:12 UTC 2026","passed","Mon Aug 24 08:11:20 UTC 2026","testcases.history.HistoryTransferTest","Surefire test","testcases.history.HistoryTransferTest","historyManualTransferTestAdminCrypto"
"Success Login Marketing","3033","testLoginMarketing","Surefire suite","Mon Aug 24 08:03:56 UTC 2026","passed","Mon Aug 24 08:03:59 UTC 2026","testcases.auth.LoginTest","Surefire test","testcases.auth.LoginTest","testLoginMarketing"
"Get Balance Marketing","4795","getBalanceMarketing","Surefire suite","Mon Aug 24 08:44:25 UTC 2026","passed","Mon Aug 24 08:44:29 UTC 2026","testcases.balance.GetBalanceQrisTest","Surefire test","testcases.balance.GetBalanceQrisTest","getBalanceMarketing"
"Normal Manual Transfer Balance Success","9877","manualTransferBalanceAdminCrypto","Surefire suite","Mon Aug 24 08:30:58 UTC 2026","passed","Mon Aug 24 08:31:08 UTC 2026","testcases.transfer.ManualTransferTest","Surefire test","testcases.transfer.ManualTransferTest","manualTransferBalanceAdminCrypto"
"Get History Special Transfer Supervisor on Login CS Admin","11103","historySpecialTransferSupervisorTestCSAdmin","Surefire suite","Mon Aug 24 08:12:24 UTC 2026","passed","Mon Aug 24 08:12:35 UTC 2026","testcases.history.HistoryTransferTest","Surefire test","testcases.history.HistoryTransferTest","historySpecialTransferSupervisorTestCSAdmin"
"Inquiry Test Flop Transfer Merchant Supervisor","5120","inquiryFlopTransferSupervisor","Surefire suite","Mon Aug 24 08:38:56 UTC 2026","passed","Mon Aug 24 08:39:01 UTC 2026","testcases.transfer.InquiryFlopTransferTest","Surefire test","testcases.transfer.InquiryFlopTransferTest","inquiryFlopTransferSupervisor"
